epoch,steps,cosine_pearson,cosine_spearman
1.0,338,0.14073342824503493,0.09849253483898535
2.0,676,0.24902188478391982,0.1495763957048798
3.0,1014,0.32505291238783046,0.1533867889515556
