epoch,steps,cosine_pearson,cosine_spearman
1.0,338,0.20355848775348856,0.13448231892931883
2.0,676,0.35675145014756576,0.15341137213754028
3.0,1014,0.4564964969160131,0.15414886831579402
