epoch,steps,cosine_pearson,cosine_spearman
1.0,338,0.2080534807510731,0.12005198875629805
2.0,676,0.4935554823132488,0.14215227295654623
3.0,1014,0.4652041073529554,0.1455693366565047
